{
  "roc_aucs": {
    "0": 0.9741338207247296,
    "1": 0.9660052256196596,
    "2": 1.0,
    "3": 1.0,
    "micro": 0.9888976958818977
  },
  "pr_aps": {
    "0": 0.9671272440634688,
    "1": 0.9612482585130466,
    "2": 0.9999999999999998,
    "3": 1.0
  },
  "confusion_matrix": [
    [
      394,
      21,
      1,
      0
    ],
    [
      36,
      251,
      2,
      0
    ],
    [
      0,
      0,
      68,
      0
    ],
    [
      0,
      0,
      0,
      6
    ]
  ],
  "calibration": {
    "0": {
      "prob_true": [
        0.01838235294117647,
        0.03571428571428571,
        0.11764705882352941,
        0.5454545454545454,
        0.38095238095238093,
        0.5,
        0.6956521739130435,
        0.625,
        0.8787878787878788,
        0.9833887043189369
      ],
      "prob_pred": [
        0.015318537983337089,
        0.1420133909396943,
        0.23596377865968363,
        0.3585455334103264,
        0.45000866554105456,
        0.5593431241282906,
        0.6562314456593722,
        0.744590636753898,
        0.8575078991992239,
        0.9681692752644155
      ]
    },
    "1": {
      "prob_true": [
        0.01876675603217158,
        0.11940298507462686,
        0.35294117647058826,
        0.2692307692307692,
        0.625,
        0.5,
        0.5,
        0.9,
        0.9444444444444444,
        0.9767441860465116
      ],
      "prob_pred": [
        0.030112985999212485,
        0.14139330041517995,
        0.25568553053541293,
        0.34553510859293624,
        0.4421641444212582,
        0.5510287778736936,
        0.6484990731309211,
        0.7720475734457523,
        0.860793578682435,
        0.9841082162209995
      ]
    },
    "2": {
      "prob_true": [
        0.0,
        0.0,
        0.0,
        0.0,
        0.0,
        1.0,
        1.0,
        1.0,
        1.0
      ],
      "prob_pred": [
        0.0025483779783710527,
        0.1848447223390044,
        0.21305813083761682,
        0.49999538619314166,
        0.5159643895246987,
        0.6529134105857914,
        0.7517696751918577,
        0.8599956117539351,
        0.9556311028953912
      ]
    },
    "3": {
      "prob_true": [
        0.0,
        1.0,
        1.0
      ],
      "prob_pred": [
        0.00029580126662550677,
        0.6163676087486084,
        0.9650217951202182
      ]
    }
  },
  "classification_report": {
    "0": {
      "precision": 0.9162790697674419,
      "recall": 0.9471153846153846,
      "f1-score": 0.9314420803782506,
      "support": 416.0
    },
    "1": {
      "precision": 0.9227941176470589,
      "recall": 0.8685121107266436,
      "f1-score": 0.8948306595365418,
      "support": 289.0
    },
    "2": {
      "precision": 0.9577464788732394,
      "recall": 1.0,
      "f1-score": 0.9784172661870504,
      "support": 68.0
    },
    "3": {
      "precision": 1.0,
      "recall": 1.0,
      "f1-score": 1.0,
      "support": 6.0
    },
    "accuracy": 0.9229781771501926,
    "macro avg": {
      "precision": 0.9492049165719351,
      "recall": 0.953906873835507,
      "f1-score": 0.9511725015254607,
      "support": 779.0
    },
    "weighted avg": {
      "precision": 0.9229606592896483,
      "recall": 0.9229781771501926,
      "f1-score": 0.9224882415200669,
      "support": 779.0
    }
  }
}