{
  "cv_macro_f1_mean": 0.9350179858430947,
  "cv_macro_f1_std": 0.00539631782651619,
  "test_score": 0.9229781771501926
}